<?xml version="1.0" encoding="UTF-8"?>
<project-private xmlns="http://www.netbeans.org/ns/project-private/1">
    <editor-bookmarks xmlns="http://www.netbeans.org/ns/editor-bookmarks/2" lastBookmarkId="0"/>
    <open-files xmlns="http://www.netbeans.org/ns/projectui-open-files/2">
        <group>
            <file>file:/D:/Google%20Drive/Cours/4IR(I)/S1/COO-POO/Chatsystem-POO/SVN-chat-system/trunk/ChatSystem/src/modelMessage/JSONMessage.java</file>
            <file>file:/D:/Google%20Drive/Cours/4IR(I)/S1/COO-POO/Chatsystem-POO/SVN-chat-system/trunk/ChatSystem/src/network/CtrlToNI.java</file>
            <file>file:/D:/Google%20Drive/Cours/4IR(I)/S1/COO-POO/Chatsystem-POO/SVN-chat-system/trunk/ChatSystem/src/modelMessage/Message.java</file>
            <file>file:/D:/Google%20Drive/Cours/4IR(I)/S1/COO-POO/Chatsystem-POO/SVN-chat-system/trunk/ChatSystem/src/network/NI.java</file>
        </group>
    </open-files>
</project-private>
